<?xml version="1.0" encoding="windows-1252" ?>
<!DOCTYPE AppModule SYSTEM "jbo_03_01.dtd">
<!---->
<AppModule
  xmlns="http://xmlns.oracle.com/bc4j"
  Name="EmpServiceAM"
  Version="11.1.1.64.93"
  InheritPersonalization="true"
  ClearCacheOnRollback="true">
  <DesignTime>
    <Attr Name="_deployType" Value="4096"/>
  </DesignTime>
  <Properties>
    <SchemaBasedProperties>
      <LABEL
        ResId="model.applicationModule.EmpServiceAM_LABEL"/>
    </SchemaBasedProperties>
  </Properties>
  <ViewUsage
    Name="Employee"
    ViewObjectName="model.view.EmployeesView"/>
  <ViewUsage
    Name="Department"
    ViewObjectName="model.view.DepartmentsView"/>
  <Remote
    Name="ServiceInterface"
    ServerClassName="model.applicationModule.server.serviceinterface.EmpServiceAMServiceImpl"
    ServerInterfaceName="model.applicationModule.common.serviceinterface.EmpServiceAMService">
    <DesignTime>
      <Attr Name="_webServiceName" Value="EmpServiceAMService"/>
      <Attr Name="_targetNameSpace"
        Value="xmlns.oracle.com/EmployeeDataService"/>
      <Attr Name="_genAsyncMethods" Value="true"/>
    </DesignTime>
  </Remote>
  <ServiceViewUsage
    ViewUsageName="Department"
    CanCreate="true"
    CanUpdate="true"
    CanDelete="true"
    CanMerge="true">
    <DesignTime>
      <Attr Name="_DeleteOpName" Value="deleteDepartment"/>
      <Attr Name="_GetOpName" Value="getDepartment"/>
      <Attr Name="_MergeOpName" Value="mergeDepartment"/>
      <Attr Name="_FindOpName" Value="findDepartment"/>
      <Attr Name="_UpdateOpName" Value="updateDepartment"/>
      <Attr Name="_CreateOpName" Value="createDepartment"/>
    </DesignTime>
  </ServiceViewUsage>
  <ServiceViewUsage
    ViewUsageName="Employee"
    CanCreate="true"
    CanUpdate="true"
    CanDelete="true"
    CanMerge="true">
    <DesignTime>
      <Attr Name="_DeleteOpName" Value="deleteEmployee"/>
      <Attr Name="_GetOpName" Value="getEmployee"/>
      <Attr Name="_MergeOpName" Value="mergeEmployee"/>
      <Attr Name="_FindOpName" Value="findEmployee"/>
      <Attr Name="_UpdateOpName" Value="updateEmployee"/>
      <Attr Name="_ProcessOpName" Value="processEmployee"/>
      <Attr Name="_CreateOpName" Value="createEmployee"/>
    </DesignTime>
  </ServiceViewUsage>
  <ResourceBundle>
    <PropertiesBundle
      PropertiesFile="model.EmployeeModelBundle"/>
  </ResourceBundle>
</AppModule>
