<?xml version = '1.0' encoding = 'UTF-8'?>
<Faults>
   <Fault>
      <severity>warning</severity>
      <loc>/ns:composite/ns:reference[@name='Second']</loc>
      <line>33</line>
      <col>58</col>
      <file/>
      <msg>
         <![CDATA[Failed to Find Binding "Second":"{http://xmlns.oracle.com/pcbpel/adapter/http/TrimbleDev/JSONBPEL/Second}Request_Response_pt" in WSDL Manager]]>
      </msg>
   </Fault>
   <Fault>
      <severity>warning</severity>
      <loc>/ns:composite/ns:reference[@name='ggjgh']</loc>
      <line>24</line>
      <col>56</col>
      <file/>
      <msg>
         <![CDATA[Failed to Find Binding "ggjgh":"{http://xmlns.oracle.com/pcbpel/adapter/http/TrimbleDev/JSONBPEL/ggjgh}Request_Response_pt" in WSDL Manager]]>
      </msg>
   </Fault>
   <Fault>
      <severity>warning</severity>
      <loc>/ns:composite/ns:reference[@name='AnotherGET']</loc>
      <line>42</line>
      <col>66</col>
      <file/>
      <msg>
         <![CDATA[Failed to Find Binding "AnotherGET":"{http://xmlns.oracle.com/pcbpel/adapter/http/TrimbleDev/JSONBPEL/AnotherGET}Request_Response_pt" in WSDL Manager]]>
      </msg>
   </Fault>
</Faults>
