<?xml version='1.0' encoding='UTF-8'?>
<!--Generated by Oracle SOA Modeler version 1.0 at [10/5/12 3:49 PM].-->
<composite name="SampleJSONAppl" revision="1.0"
           label="2012-09-24_20-22-09_318" mode="active" state="on"
           xmlns="http://xmlns.oracle.com/sca/1.0"
           xmlns:xs="http://www.w3.org/2001/XMLSchema"
           xmlns:wsp="http://schemas.xmlsoap.org/ws/2004/09/policy"
           xmlns:orawsp="http://schemas.oracle.com/ws/2006/01/policy"
           xmlns:ui="http://xmlns.oracle.com/soa/designer/">
   <import namespace="http://www.OrgInfo.com/CreateOrg/V1"
           location="CreateOrgWrapper.wsdl" importType="wsdl"/>
   <service name="createorgbpelprocess_client_ep"
            ui:wsdlLocation="CreateOrgWrapper.wsdl">
      <interface.wsdl interface="http://www.OrgInfo.com/CreateOrg/V1#wsdl.interface(CreateOrgPort)"/>
      <binding.ws port="http://www.OrgInfo.com/CreateOrg/V1#wsdl.endpoint(createorgbpelprocess_client_ep/CreateOrgPort_pt)"/>
   </service>
   <component name="CreateOrgBPELProcess" version="1.1">
      <implementation.bpel src="CreateOrgBPELProcess.bpel"/>
      <property name="bpel.preference.getTktURL">http://waf-dev.am.trimblecorp.net:916/tcc/login</property>
      <property name="bpel.preference.createOrgURL">http://waf-dev.am.trimblecorp.net:916/app/tcc/tccManager/actions/CreateOrganization</property>
      <property name="bpel.preference.loginUN">store</property>
      <property name="bpel.preference.loginTag">tcc</property>
      <property name="bpel.preference.loginPwd">thestore</property>
   </component>
   <wire>
      <source.uri>createorgbpelprocess_client_ep</source.uri>
      <target.uri>CreateOrgBPELProcess/createorgbpelprocess_client</target.uri>
   </wire>
</composite>
