<?xml version="1.0" encoding="UTF-8" ?>
<!-- Generated by Oracle SOA Modeler version 11.1.1.7.0 at [5/29/13 3:51 PM]. -->
<composite name="EDNConsistencyCheck" revision="1.0"
           label="2013-05-29_15-51-29_310" mode="active" state="on"
           xmlns="http://xmlns.oracle.com/sca/1.0"
           xmlns:xs="http://www.w3.org/2001/XMLSchema"
           xmlns:wsp="http://schemas.xmlsoap.org/ws/2004/09/policy"
           xmlns:orawsp="http://schemas.oracle.com/ws/2006/01/policy"
           xmlns:ui="http://xmlns.oracle.com/soa/designer/">
  <import namespace="http://xmlns.oracle.com/BlogWS/EDNConsistencyCheck/RaiseEvent"
          location="RaiseEvent.wsdl" importType="wsdl"/>
  <import namespace="http://xmlns.oracle.com/events/edl/OrderCreation"
          location="OrderCreation.edl" importType="edl"/>
  <import namespace="http://xmlns.oracle.com/BlogWS/EDNConsistencyCheck/SubscribeToEventBPELProcess"
          location="SubscribeToEventBPELProcess.wsdl" importType="wsdl"/>
  <import namespace="http://xmlns.oracle.com/BlogWS/EDNConsistencyCheck/Order2BPELProcess1"
          location="Order2BPELProcess1.wsdl" importType="wsdl"/>
  <import namespace="http://xmlns.oracle.com/BlogWS/EDNConsistencyCheck/Order2BPELProcess2"
          location="Order2BPELProcess2.wsdl" importType="wsdl"/>
  <import namespace="http://xmlns.oracle.com/BlogWS/EDNConsistencyCheck/Order2BPELProcess3"
          location="Order2BPELProcess3.wsdl" importType="wsdl"/>
  <import namespace="http://xmlns.oracle.com/BlogWS/EDNConsistencyCheck/Order2BPELProcess4Sysnc"
          location="Order2BPELProcess4Sysnc.wsdl" importType="wsdl"/>
  <service name="RaiseEvent_ep" ui:wsdlLocation="RaiseEvent.wsdl">
    <interface.wsdl interface="http://xmlns.oracle.com/BlogWS/EDNConsistencyCheck/RaiseEvent#wsdl.interface(execute_ptt)"/>
    <binding.ws port="http://xmlns.oracle.com/BlogWS/EDNConsistencyCheck/RaiseEvent#wsdl.endpoint(RaiseEvent_ep/execute_pt)"/>
  </service>
  <property name="productVersion" type="xs:string" many="false">11.1.1.7.0</property>
  <component name="RaiseEvent">
    <implementation.mediator src="RaiseEvent.mplan"/>
    <business-events>
      <publishes xmlns:pub1="http://xmlns.oracle.com/events/edl/OrderCreation"
                 name="pub1:CreateOrder"/>
      <publishes xmlns:pub1="http://xmlns.oracle.com/events/edl/OrderCreation"
                 name="pub1:UpdateOrder"/>
    </business-events>
  </component>
  <component name="SubscribeToOrder">
    <implementation.mediator src="SubscribeToOrder.mplan"/>
    <business-events>
      <subscribe xmlns:sub1="http://xmlns.oracle.com/events/edl/OrderCreation"
                 name="sub1:CreateOrder" consistency="oneAndOnlyOne"
                 runAsRoles="$publisher"/>
    </business-events>
  </component>
  <component name="SubscribeToEventBPELProcess" version="1.1">
    <implementation.bpel src="SubscribeToEventBPELProcess.bpel"/>
    <property name="bpel.config.oneWayDeliveryPolicy" type="xs:string"
              many="false">async.persist</property>
    <business-events>
      <subscribe xmlns:sub1="http://xmlns.oracle.com/events/edl/OrderCreation"
                 name="sub1:CreateOrder" consistency="oneAndOnlyOne"
                 runAsRoles="$publisher"/>
    </business-events>
  </component>
  <component name="SubscribeToOrder2">
    <implementation.mediator src="SubscribeToOrder2.mplan"/>
    <business-events>
      <subscribe xmlns:sub1="http://xmlns.oracle.com/events/edl/OrderCreation"
                 name="sub1:CreateOrder" consistency="oneAndOnlyOne"
                 runAsRoles="$publisher"/>
    </business-events>
  </component>
  <component name="Order2BPELProcess1" version="1.1">
    <implementation.bpel src="Order2BPELProcess1.bpel"/>
    <property name="bpel.config.oneWayDeliveryPolicy" type="xs:string"
              many="false">async.persist</property>
  </component>
  <component name="Order2BPELProcess2" version="1.1">
    <implementation.bpel src="Order2BPELProcess2.bpel"/>
    <property name="bpel.config.oneWayDeliveryPolicy" type="xs:string"
              many="false">async.persist</property>
  </component>
  <component name="SubscribeToOrder3">
    <implementation.mediator src="SubscribeToOrder3.mplan"/>
    <business-events>
      <subscribe xmlns:sub1="http://xmlns.oracle.com/events/edl/OrderCreation"
                 name="sub1:CreateOrder" consistency="oneAndOnlyOne"
                 runAsRoles="$publisher"/>
    </business-events>
  </component>
  <component name="Order2BPELProcess3" version="1.1">
    <implementation.bpel src="Order2BPELProcess3.bpel"/>
    <property name="bpel.config.oneWayDeliveryPolicy" type="xs:string"
              many="false">async.persist</property>
  </component>
  <component name="SubscribeToOrder4">
    <implementation.mediator src="SubscribeToOrder4.mplan"/>
    <business-events>
      <subscribe xmlns:sub1="http://xmlns.oracle.com/events/edl/OrderCreation"
                 name="sub1:CreateOrder" consistency="oneAndOnlyOne"
                 runAsRoles="$publisher"/>
    </business-events>
  </component>
  <component name="Order2BPELProcess4Sysnc" version="1.1">
    <implementation.bpel src="Order2BPELProcess4Sysnc.bpel"/>
    <property name="bpel.config.transaction" type="xs:string" many="false">requiresNew</property>
    <property name="bpel.config.oneWayDeliveryPolicy" type="xs:string"
              many="false">async.persist</property>
  </component>
  <wire>
    <source.uri>RaiseEvent_ep</source.uri>
    <target.uri>RaiseEvent/RaiseEvent</target.uri>
  </wire>
  <wire>
    <source.uri>SubscribeToOrder3/Order2BPELProcess3.order2bpelprocess3_client</source.uri>
    <target.uri>Order2BPELProcess3/order2bpelprocess3_client</target.uri>
  </wire>
  <wire>
    <source.uri>SubscribeToOrder4/Order2BPELProcess4Sysnc.order2bpelprocess4sysnc_client</source.uri>
    <target.uri>Order2BPELProcess4Sysnc/order2bpelprocess4sysnc_client</target.uri>
  </wire>
  <wire>
    <source.uri>SubscribeToOrder2/Order2BPELProcess2.order2bpelprocess2_client</source.uri>
    <target.uri>Order2BPELProcess2/order2bpelprocess2_client</target.uri>
  </wire>
  <wire>
    <source.uri>SubscribeToOrder/Order2BPELProcess1.order2bpelprocess1_client</source.uri>
    <target.uri>Order2BPELProcess1/order2bpelprocess1_client</target.uri>
  </wire>
</composite>
