<?xml version="1.0" encoding="UTF-8" ?>
<!-- Generated by Oracle SOA Modeler version 11.1.1.7.0 at [5/3/13 12:42 PM]. -->
<composite name="AutoRecoveryBPEL"
           revision="1.0"
           label="2013-05-03_12-42-14_046"
           mode="active"
           state="on"
           xmlns="http://xmlns.oracle.com/sca/1.0"
           xmlns:xs="http://www.w3.org/2001/XMLSchema"
           xmlns:wsp="http://schemas.xmlsoap.org/ws/2004/09/policy"
           xmlns:orawsp="http://schemas.oracle.com/ws/2006/01/policy"
           xmlns:ui="http://xmlns.oracle.com/soa/designer/">
  <import namespace="http://xmlns.oracle.com/BlogWS/AutoRecoveryBPEL/AutoRecoverBPEL"
          location="AutoRecoverBPEL.wsdl" importType="wsdl"/>
  <import namespace="http://xmlns.xyzbank.com/wsdl/CreateUserIDService"
          location="UserIDService.wsdl" importType="wsdl"/>
  <import namespace="http://xmlns.xyzbank.com/wsdl/CreateUserIDService"
          location="UserIDServiceWrapper.wsdl" importType="wsdl"/>
  <import namespace="http://xmlns.xyzbank.com/wsdl/CustomerAccount"
          location="CustomerAccountService.wsdl" importType="wsdl"/>
  <import namespace="http://xmlns.xyzbank.com/wsdl/CustomerAccount"
          location="CustomerAccountServiceWrapper.wsdl" importType="wsdl"/>
  <import namespace="http://xmlns.oracle.com/BlogWS/AutoRecoveryBPEL/AutoRecoverBPELAsync"
          location="AutoRecoverBPELAsync.wsdl" importType="wsdl"/>
  <import namespace="http://xmlns.xyzbank.com/wsdl/CreateUserIDService"
          location="UserIDServiceWrapper1.wsdl" importType="wsdl"/>
  <import namespace="http://xmlns.xyzbank.com/wsdl/CustomerAccount"
          location="CustomerAccountServiceWrapper1.wsdl" importType="wsdl"/>
  <service name="autorecoverbpel_client_ep"
           ui:wsdlLocation="AutoRecoverBPEL.wsdl">
    <interface.wsdl interface="http://xmlns.oracle.com/BlogWS/AutoRecoveryBPEL/AutoRecoverBPEL#wsdl.interface(AutoRecoverBPEL)"/>
    <binding.ws port="http://xmlns.oracle.com/BlogWS/AutoRecoveryBPEL/AutoRecoverBPEL#wsdl.endpoint(autorecoverbpel_client_ep/AutoRecoverBPEL_pt)"/>
  </service>
  <service name="autorecoverbpelasync_client_ep"
           ui:wsdlLocation="AutoRecoverBPELAsync.wsdl">
    <interface.wsdl interface="http://xmlns.oracle.com/BlogWS/AutoRecoveryBPEL/AutoRecoverBPELAsync#wsdl.interface(AutoRecoverBPELAsync)"/>
    <binding.ws port="http://xmlns.oracle.com/BlogWS/AutoRecoveryBPEL/AutoRecoverBPELAsync#wsdl.endpoint(autorecoverbpelasync_client_ep/AutoRecoverBPELAsync_pt)"/>
  </service>
  <property name="productVersion" type="xs:string" many="false">11.1.1.7.0</property>
  <component name="AutoRecoverBPEL" version="1.1">
    <implementation.bpel src="AutoRecoverBPEL.bpel"/>
    <property name="bpel.config.transaction" type="xs:string" many="false">requiresNew</property>
    <property name="bpel.config.oneWayDeliveryPolicy" type="xs:string"
              many="false">async.persist</property>
  </component>
  <component name="AutoRecoverBPELAsync" version="1.1">
    <implementation.bpel src="AutoRecoverBPELAsync.bpel"/>
    <property name="bpel.config.oneWayDeliveryPolicy" type="xs:string"
              many="false">async.persist</property>
  </component>
  <reference name="UserIDService" ui:wsdlLocation="UserIDService.wsdl">
    <interface.wsdl interface="http://xmlns.xyzbank.com/wsdl/CreateUserIDService#wsdl.interface(CreateUserIDPort)"/>
    <binding.ws port="http://xmlns.xyzbank.com/wsdl/CreateUserIDService#wsdl.endpoint(CreateUserIDService/CreateUserIDService)"
                location="UserIDService.wsdl" soapVersion="1.1">
      <property name="weblogic.wsee.wsat.transaction.flowOption"
                type="xs:string" many="false">WSDLDriven</property>
    </binding.ws>
  </reference>
  <reference name="CustomerAccountService"
             ui:wsdlLocation="CustomerAccountService.wsdl">
    <interface.wsdl interface="http://xmlns.xyzbank.com/wsdl/CustomerAccount#wsdl.interface(CustomerAccountPort)"/>
    <binding.ws port="http://xmlns.xyzbank.com/wsdl/CustomerAccount#wsdl.endpoint(CustomerAccount/CustomerAccount)"
                location="CustomerAccountService.wsdl" soapVersion="1.1">
      <property name="weblogic.wsee.wsat.transaction.flowOption"
                type="xs:string" many="false">WSDLDriven</property>
    </binding.ws>
  </reference>
  <wire>
    <source.uri>autorecoverbpel_client_ep</source.uri>
    <target.uri>AutoRecoverBPEL/autorecoverbpel_client</target.uri>
  </wire>
  <wire>
    <source.uri>AutoRecoverBPEL/UserIDService</source.uri>
    <target.uri>UserIDService</target.uri>
  </wire>
  <wire>
    <source.uri>AutoRecoverBPEL/CustomerAccountService</source.uri>
    <target.uri>CustomerAccountService</target.uri>
  </wire>
  <wire>
    <source.uri>autorecoverbpelasync_client_ep</source.uri>
    <target.uri>AutoRecoverBPELAsync/autorecoverbpelasync_client</target.uri>
  </wire>
  <wire>
    <source.uri>AutoRecoverBPELAsync/UserIDService</source.uri>
    <target.uri>UserIDService</target.uri>
  </wire>
  <wire>
    <source.uri>AutoRecoverBPELAsync/CustomerAccountService</source.uri>
    <target.uri>CustomerAccountService</target.uri>
  </wire>
</composite>
