<?xml version="1.0" encoding="UTF-8" ?>
<!-- Generated by Oracle SOA Modeler version 11.1.1.7.0 at [5/23/13 5:44 PM]. -->
<composite name="VerifyTxnProject"
           revision="1.0"
           label="2013-05-23_17-44-02_446"
           mode="active"
           state="on"
           xmlns="http://xmlns.oracle.com/sca/1.0"
           xmlns:xs="http://www.w3.org/2001/XMLSchema"
           xmlns:wsp="http://schemas.xmlsoap.org/ws/2004/09/policy"
           xmlns:orawsp="http://schemas.oracle.com/ws/2006/01/policy"
           xmlns:ui="http://xmlns.oracle.com/soa/designer/">
  <import namespace="http://xmlns.oracle.com/BlogWS/VerifyTxnProject/CallADFService"
          location="CallADFService.wsdl" importType="wsdl"/>
  <import namespace="xmlns.oracle.com/EmployeeDataService"
          location="http://localhost:7001/DataServices/EmpServiceAMService?wsdl"
          importType="wsdl"/>
  <import namespace="http://xmlns.oracle.com/pcbpel/adapter/db/BlogWS/VerifyTxnProject/EmployeesDBAdapter"
          location="EmployeesDBAdapter.wsdl" importType="wsdl"/>
  <import namespace="http://xmlns.oracle.com/pcbpel/adapter/db/BlogWS/VerifyTxnProject/DeptDBAdapter"
          location="DeptDBAdapter.wsdl" importType="wsdl"/>
  <service name="calladfservice_client_ep"
           ui:wsdlLocation="CallADFService.wsdl">
    <interface.wsdl interface="http://xmlns.oracle.com/BlogWS/VerifyTxnProject/CallADFService#wsdl.interface(CallADFService)"/>
    <binding.ws port="http://xmlns.oracle.com/BlogWS/VerifyTxnProject/CallADFService#wsdl.endpoint(calladfservice_client_ep/CallADFService_pt)"/>
  </service>
  <property name="productVersion" type="xs:string" many="false">11.1.1.7.0</property>
  <component name="CallADFService" version="1.1">
    <implementation.bpel src="CallADFService.bpel"/>
    <property name="bpel.config.transaction" type="xs:string" many="false">required</property>
    <property name="bpel.config.oneWayDeliveryPolicy" type="xs:string"
              many="false">async.persist</property>
  </component>
  <reference name="EmployeeADFService"
             ui:wsdlLocation="http://localhost:7001/DataServices/EmpServiceAMService?wsdl">
    <interface.wsdl interface="xmlns.oracle.com/EmployeeDataService#wsdl.interface(EmpServiceAMService)"/>
    <binding.ws port="xmlns.oracle.com/EmployeeDataService#wsdl.endpoint(EmpServiceAMService/EmpServiceAMServiceSoapHttpPort)"
                location="http://localhost:7001/DataServices/EmpServiceAMService?wsdl"
                soapVersion="1.1">
      <property name="weblogic.wsee.wsat.transaction.flowOption"
                type="xs:string" many="false">WSDLDriven</property>
    </binding.ws>
  </reference>
  <reference name="EmployeesDBAdapter"
             ui:wsdlLocation="EmployeesDBAdapter.wsdl">
    <interface.wsdl interface="http://xmlns.oracle.com/pcbpel/adapter/db/BlogWS/VerifyTxnProject/EmployeesDBAdapter#wsdl.interface(EmployeesDBAdapter_ptt)"/>
    <binding.jca config="EmployeesDBAdapter_db.jca"/>
    <property name="jca.retry.count" type="xs:int" many="false" override="may">3</property>
    <property name="jca.retry.interval" type="xs:int" many="false"
              override="may">1</property>
    <property name="jca.retry.backoff" type="xs:int" many="false"
              override="may">2</property>
    <property name="jca.retry.maxInterval" type="xs:string" many="false"
              override="may">120</property>
  </reference>
  <reference name="DeptDBAdapter" ui:wsdlLocation="DeptDBAdapter.wsdl">
    <interface.wsdl interface="http://xmlns.oracle.com/pcbpel/adapter/db/BlogWS/VerifyTxnProject/DeptDBAdapter#wsdl.interface(DeptDBAdapter_ptt)"/>
    <binding.jca config="DeptDBAdapter_db.jca"/>
    <property name="jca.retry.count" type="xs:int" many="false" override="may">4</property>
    <property name="jca.retry.interval" type="xs:int" many="false"
              override="may">1</property>
    <property name="jca.retry.backoff" type="xs:int" many="false"
              override="may">2</property>
    <property name="jca.retry.maxInterval" type="xs:string" many="false"
              override="may">120</property>
  </reference>
  <wire>
    <source.uri>calladfservice_client_ep</source.uri>
    <target.uri>CallADFService/calladfservice_client</target.uri>
  </wire>
  <wire>
    <source.uri>CallADFService/EmployeeADFService</source.uri>
    <target.uri>EmployeeADFService</target.uri>
  </wire>
  <wire>
    <source.uri>CallADFService/EmployeesDBAdapter</source.uri>
    <target.uri>EmployeesDBAdapter</target.uri>
  </wire>
  <wire>
    <source.uri>CallADFService/DeptDBAdapter</source.uri>
    <target.uri>DeptDBAdapter</target.uri>
  </wire>
</composite>
