<?xml version = '1.0' encoding = 'UTF-8'?>
<!DOCTYPE properties SYSTEM "http://java.sun.com/dtd/properties.dtd">
<properties>
   <entry key="DEPARTMENTS.LOCATION_ID:db_column_precision">4</entry>
   <entry key="DEPARTMENTS.DEPARTMENT_ID:db_column_precision">4</entry>
   <entry key="DEPARTMENTS.LOCATION_ID:db_column_not_null">false</entry>
   <entry key="DEPARTMENTS.MANAGER_ID:db_column_precision">6</entry>
   <entry key="DEPARTMENTS.DEPARTMENT_NAME:db_column_type">VARCHAR2</entry>
   <entry key="DEPARTMENTS:db_table_type">TABLE</entry>
   <entry key="DEPARTMENTS.MANAGER_ID:db_column_type">NUMBER</entry>
   <entry key="DEPARTMENTS.DEPARTMENT_NAME:db_column_not_null">true</entry>
   <entry key="DEPARTMENTS.DEPARTMENT_ID:db_column_type">NUMBER</entry>
   <entry key="DEPARTMENTS:db_column_3">LOCATION_ID</entry>
   <entry key="DEPARTMENTS:db_column_2">MANAGER_ID</entry>
   <entry key="DEPARTMENTS:db_column_1">DEPARTMENT_NAME</entry>
   <entry key="DEPARTMENTS.MANAGER_ID:db_column_not_null">false</entry>
   <entry key="DEPARTMENTS:db_column_0">DEPARTMENT_ID</entry>
   <entry key="DEPARTMENTS.LOCATION_ID:db_column_scale">0</entry>
   <entry key="DEPARTMENTS.DEPARTMENT_NAME:db_column_size">30</entry>
   <entry key="root_descriptor_alias">DEPARTMENTS</entry>
   <entry key="DEPARTMENTS.DEPARTMENT_ID:db_column_scale">0</entry>
   <entry key="DEPARTMENTS.LOCATION_ID:db_column_type">NUMBER</entry>
   <entry key="DEPARTMENTS.DEPARTMENT_ID:db_column_not_null">true</entry>
   <entry key="DEPARTMENTS.MANAGER_ID:db_column_scale">0</entry>
</properties>