<?xml version = '1.0' encoding = 'UTF-8'?>
<References xmlns="http://xmlns.oracle.com/adf/jndi">
   <Reference name="OMNDEV2" className="oracle.jdeveloper.db.adapter.DatabaseProvider" credentialStoreKey="OMNDEV2" xmlns="">
      <Factory className="oracle.jdeveloper.db.adapter.DatabaseProviderFactory"/>
      <RefAddresses>
         <StringRefAddr addrType="sid">
            <Contents>OMNDEV2</Contents>
         </StringRefAddr>
         <StringRefAddr addrType="subtype">
            <Contents>oraJDBC</Contents>
         </StringRefAddr>
         <StringRefAddr addrType="user">
            <Contents>apps</Contents>
         </StringRefAddr>
         <StringRefAddr addrType="hostname">
            <Contents>usd-am-db-95.trimblecorp.net</Contents>
         </StringRefAddr>
         <StringRefAddr addrType="port">
            <Contents>1521</Contents>
         </StringRefAddr>
         <SecureRefAddr addrType="password"/>
         <StringRefAddr addrType="DeployPassword">
            <Contents>true</Contents>
         </StringRefAddr>
         <StringRefAddr addrType="oraDriverType">
            <Contents>thin</Contents>
         </StringRefAddr>
      </RefAddresses>
   </Reference>
   <Reference name="BAMServerConnection1" className="oracle.tip.tools.ide.bam.rc.connection.BAMProviderImpl" credentialStoreKey="BAMServerConnection1" xmlns="">
      <Factory className="oracle.tip.tools.ide.bam.rc.connection.BAMProviderFactory"/>
      <RefAddresses>
         <StringRefAddr addrType="USER_NAME">
            <Contents>weblogic</Contents>
         </StringRefAddr>
         <StringRefAddr addrType="WEBTIER_SERVER_PORT">
            <Contents>9025</Contents>
         </StringRefAddr>
         <StringRefAddr addrType="EnableAppFlag">
            <Contents>true</Contents>
         </StringRefAddr>
         <StringRefAddr addrType="BAM_SERVER_HOST">
            <Contents>10.60.4.14</Contents>
         </StringRefAddr>
         <StringRefAddr addrType="WEBTIER_SERVER">
            <Contents>10.60.4.14</Contents>
         </StringRefAddr>
         <StringRefAddr addrType="CONNECTION_NAME">
            <Contents>BAMServerConnection1</Contents>
         </StringRefAddr>
         <StringRefAddr addrType="BAM_SERVER_PORT">
            <Contents>9025</Contents>
         </StringRefAddr>
         <StringRefAddr addrType="BAM_WEBTIER_PROTOCOL">
            <Contents>http</Contents>
         </StringRefAddr>
         <StringRefAddr addrType="AppFlag">
            <Contents>true</Contents>
         </StringRefAddr>
         <SecureRefAddr addrType="PASSWORD"/>
         <StringRefAddr addrType="CONNECTION_MODE">
            <Contents>BASIC</Contents>
         </StringRefAddr>
      </RefAddresses>
   </Reference>
   <Reference name="RemedySQL" className="oracle.jdeveloper.db.adapter.DatabaseProvider" credentialStoreKey="RemedySQL" xmlns="">
      <Factory className="oracle.jdeveloper.db.adapter.DatabaseProviderFactory"/>
      <RefAddresses>
         <StringRefAddr addrType="port">
            <Contents>1433</Contents>
         </StringRefAddr>
         <StringRefAddr addrType="DeployPassword">
            <Contents>true</Contents>
         </StringRefAddr>
         <StringRefAddr addrType="dataSourceName">
            <Contents>ARSystemDev</Contents>
         </StringRefAddr>
         <StringRefAddr addrType="user">
            <Contents>Ihubdev</Contents>
         </StringRefAddr>
         <StringRefAddr addrType="subtype">
            <Contents>SQLServer</Contents>
         </StringRefAddr>
         <StringRefAddr addrType="hostname">
            <Contents>RemedyTest.am.trimblecorp.net</Contents>
         </StringRefAddr>
         <StringRefAddr addrType="instanceName">
            <Contents/>
         </StringRefAddr>
         <SecureRefAddr addrType="password"/>
         <StringRefAddr addrType="driver">
            <Contents>com.microsoft.sqlserver.jdbc.SQLServerDriver</Contents>
         </StringRefAddr>
      </RefAddresses>
   </Reference>
   <Reference name="MarcGT" className="oracle.jdeveloper.db.adapter.DatabaseProvider" credentialStoreKey="MarcGT" xmlns="">
      <Factory className="oracle.jdeveloper.db.adapter.DatabaseProviderFactory"/>
      <RefAddresses>
         <StringRefAddr addrType="sid">
            <Contents>MARCGT11G</Contents>
         </StringRefAddr>
         <StringRefAddr addrType="subtype">
            <Contents>oraJDBC</Contents>
         </StringRefAddr>
         <StringRefAddr addrType="user">
            <Contents>customs</Contents>
         </StringRefAddr>
         <StringRefAddr addrType="hostname">
            <Contents>usd-am-db-112.trimblecorp.net</Contents>
         </StringRefAddr>
         <StringRefAddr addrType="port">
            <Contents>1525</Contents>
         </StringRefAddr>
         <SecureRefAddr addrType="password"/>
         <StringRefAddr addrType="DeployPassword">
            <Contents>true</Contents>
         </StringRefAddr>
         <StringRefAddr addrType="oraDriverType">
            <Contents>thin</Contents>
         </StringRefAddr>
      </RefAddresses>
   </Reference>
   <Reference name="PBITST" className="oracle.jdeveloper.db.adapter.DatabaseProvider" credentialStoreKey="PBITST" xmlns="">
      <Factory className="oracle.jdeveloper.db.adapter.DatabaseProviderFactory"/>
      <RefAddresses>
         <StringRefAddr addrType="sid">
            <Contents>PBITST</Contents>
         </StringRefAddr>
         <StringRefAddr addrType="subtype">
            <Contents>oraJDBC</Contents>
         </StringRefAddr>
         <StringRefAddr addrType="user">
            <Contents>apps</Contents>
         </StringRefAddr>
         <StringRefAddr addrType="hostname">
            <Contents>usd-am-db-110.trimblecorp.net</Contents>
         </StringRefAddr>
         <StringRefAddr addrType="port">
            <Contents>1521</Contents>
         </StringRefAddr>
         <SecureRefAddr addrType="password"/>
         <StringRefAddr addrType="DeployPassword">
            <Contents>true</Contents>
         </StringRefAddr>
         <StringRefAddr addrType="oraDriverType">
            <Contents>thin</Contents>
         </StringRefAddr>
      </RefAddresses>
   </Reference>
   <Reference name="BPELTekla" className="oracle.jdeveloper.db.adapter.DatabaseProvider" credentialStoreKey="BPELTekla" xmlns="">
      <Factory className="oracle.jdeveloper.db.adapter.DatabaseProviderFactory"/>
      <RefAddresses>
         <StringRefAddr addrType="sid">
            <Contents>SYSDEV</Contents>
         </StringRefAddr>
         <StringRefAddr addrType="subtype">
            <Contents>oraJDBC</Contents>
         </StringRefAddr>
         <StringRefAddr addrType="user">
            <Contents>bpel_tekla</Contents>
         </StringRefAddr>
         <StringRefAddr addrType="hostname">
            <Contents>usd-am-db-126.trimblecorp.net</Contents>
         </StringRefAddr>
         <StringRefAddr addrType="port">
            <Contents>1521</Contents>
         </StringRefAddr>
         <SecureRefAddr addrType="password"/>
         <StringRefAddr addrType="DeployPassword">
            <Contents>true</Contents>
         </StringRefAddr>
         <StringRefAddr addrType="oraDriverType">
            <Contents>thin</Contents>
         </StringRefAddr>
      </RefAddresses>
   </Reference>
</References>
