<?xml version="1.0" encoding="UTF-8" ?>
<!-- Generated by Oracle SOA Modeler version 1.0 at [8/9/12 3:40 PM]. -->
<composite name="HTTPAdapter" revision="1.0" label="2012-08-09_15-40-57_728"
           mode="active" state="on" xmlns="http://xmlns.oracle.com/sca/1.0"
           xmlns:xs="http://www.w3.org/2001/XMLSchema"
           xmlns:wsp="http://schemas.xmlsoap.org/ws/2004/09/policy"
           xmlns:orawsp="http://schemas.oracle.com/ws/2006/01/policy"
           xmlns:ui="http://xmlns.oracle.com/soa/designer/">
  <import namespace="http://xmlns.oracle.com/TrimbleDev/JSONBPEL/BPELProcess1"
          location="BPELProcess1.wsdl" importType="wsdl"/>
  <import namespace="http://xmlns.oracle.com/pcbpel/adapter/http/TrimbleDev/JSONBPEL/ggjgh"
          location="ggjgh.wsdl" importType="wsdl"/>
  <import namespace="http://xmlns.oracle.com/pcbpel/adapter/http/TrimbleDev/JSONBPEL/Second"
          location="Second.wsdl" importType="wsdl"/>
  <import namespace="http://xmlns.oracle.com/pcbpel/adapter/http/TrimbleDev/JSONBPEL/AnotherGET"
          location="AnotherGET.wsdl" importType="wsdl"/>
  <service name="bpelprocess1_client_ep" ui:wsdlLocation="BPELProcess1.wsdl">
    <interface.wsdl interface="http://xmlns.oracle.com/TrimbleDev/JSONBPEL/BPELProcess1#wsdl.interface(BPELProcess1)"/>
    <binding.ws port="http://xmlns.oracle.com/TrimbleDev/JSONBPEL/BPELProcess1#wsdl.endpoint(bpelprocess1_client_ep/BPELProcess1_pt)"/>
  </service>
  <component name="BPELProcess1" version="1.1">
    <implementation.bpel src="BPELProcess1.bpel"/>
  </component>
  <reference name="ggjgh" ui:wsdlLocation="ggjgh.wsdl">
    <interface.wsdl interface="http://xmlns.oracle.com/pcbpel/adapter/http/TrimbleDev/JSONBPEL/ggjgh#wsdl.interface(Request_Response_ptt)"/>
    <binding.ws port="http://xmlns.oracle.com/pcbpel/adapter/http/TrimbleDev/JSONBPEL/ggjgh#wsdl.endpoint(ggjgh/Request_Response_pt)"
                location="ggjgh.wsdl" supports="http">
      <property name="http.verb" type="xs:string" many="false">GET</property>
      <property name="endpointURI" type="xs:string" many="false">http://10.1.51.253:7001/EchoApp/echo</property>
      <property name="http.payload" type="xs:string" many="false">url-encoded</property>
    </binding.ws>
  </reference>
  <reference name="Second" ui:wsdlLocation="Second.wsdl">
    <interface.wsdl interface="http://xmlns.oracle.com/pcbpel/adapter/http/TrimbleDev/JSONBPEL/Second#wsdl.interface(Request_Response_ptt)"/>
    <binding.ws port="http://xmlns.oracle.com/pcbpel/adapter/http/TrimbleDev/JSONBPEL/Second#wsdl.endpoint(Second/Request_Response_pt)"
                location="Second.wsdl" supports="http">
      <property name="http.verb" type="xs:string" many="false">POST</property>
      <property name="endpointURI" type="xs:string" many="false">http://10.1.51.253:7001/EchoApp/echo</property>
      <property name="http.payload" type="xs:string" many="false">xml</property>
    </binding.ws>
  </reference>
  <reference name="AnotherGET" ui:wsdlLocation="AnotherGET.wsdl">
    <interface.wsdl interface="http://xmlns.oracle.com/pcbpel/adapter/http/TrimbleDev/JSONBPEL/AnotherGET#wsdl.interface(Request_Response_ptt)"/>
    <binding.ws port="http://xmlns.oracle.com/pcbpel/adapter/http/TrimbleDev/JSONBPEL/AnotherGET#wsdl.endpoint(AnotherGET/Request_Response_pt)"
                location="AnotherGET.wsdl" supports="http">
      <property name="http.verb" type="xs:string" many="false">GET</property>
      <property name="endpointURI" type="xs:string" many="false">http://10.1.51.253:7001/EchoApp/echo</property>
      <property name="http.payload" type="xs:string" many="false">url-encoded</property>
    </binding.ws>
  </reference>
  <wire>
    <source.uri>bpelprocess1_client_ep</source.uri>
    <target.uri>BPELProcess1/bpelprocess1_client</target.uri>
  </wire>
  <wire>
    <source.uri>BPELProcess1/ggjgh</source.uri>
    <target.uri>ggjgh</target.uri>
  </wire>
  <wire>
    <source.uri>BPELProcess1/Second</source.uri>
    <target.uri>Second</target.uri>
  </wire>
  <wire>
    <source.uri>BPELProcess1/AnotherGET</source.uri>
    <target.uri>AnotherGET</target.uri>
  </wire>
</composite>
