<?xml version = '1.0' encoding = 'UTF-8'?>
<graphics>
   <diagram optimizeLayout="false" popupEditor="true" fixedWidthSwimlanes="true" roundedPartnerlinks="true" centerZoom="true" validateOnLoad="true" confirmBeforeDelete="true" selectedPartnerLinkColor="0,0,153" swimlaneBackground="240,240,240" swimlaneDividerBackground="218,218,218" graphBackground="255,255,255" selectedBorderBackground="49,105,198" connectedPartnerLinkColor="204,204,255" connectablePartnerLinkColor="0,0,255" unconnectedPartnerLinkColor="192,192,192"/>
   <annotationfile/>
   <iconize/>
   <partnerlink_locations>
      <partnerlink name="calladfservice_client" x="1" y="499" side="left"/>
      <partnerlink name="EmployeesDBAdapter" x="1" y="384" side="left"/>
      <partnerlink name="DeptDBAdapter" x="1" y="567" side="left"/>
      <partnerlink name="EmployeeADFService" x="914" y="475" side="right"/>
   </partnerlink_locations>
   <graph_layout viewport="0,450,1047,439" show_swimlanes="true">
      <layout_item collapsed="false" xpath="/process" type="process" showhandlers="true"/>
      <layout_item collapsed="false" xpath="/process/faultHandlers/catchAll" type="catchall"/>
      <layout_item collapsed="false" xpath="/process/sequence" type="sequence"/>
      <layout_item collapsed="false" xpath="/process/sequence/switch" type="switch"/>
      <layout_item collapsed="false" xpath="/process/sequence/switch/case[1]/sequence" type="sequence"/>
      <layout_item collapsed="false" xpath="/process/sequence/switch/case[2]/sequence" type="sequence"/>
   </graph_layout>
   <bookmarks/>
</graphics>
